2025-06-24T14:01:52.720805,chair,0
2025-06-24T14:01:53.222262,chair,0
2025-06-24T14:01:53.721781,chair,0
2025-06-24T14:01:54.222967,chair,0
2025-06-24T14:01:54.722615,chair,0
2025-06-24T14:01:55.222687,chair,0
2025-06-24T14:01:55.722126,chair,0
2025-06-24T14:01:56.222354,chair,4095
2025-06-24T14:01:56.249969,chair,4095
2025-06-24T14:01:56.261313,chair,4095
2025-06-24T14:01:56.281219,chair,4095
2025-06-24T14:01:56.301692,chair,4095
2025-06-24T14:01:56.321027,chair,4095
2025-06-24T14:01:56.341180,chair,4095
2025-06-24T14:01:56.361361,chair,4095
2025-06-24T14:01:56.381546,chair,4095
2025-06-24T14:01:56.400854,chair,4095
2025-06-24T14:01:56.421390,chair,4095
2025-06-24T14:01:56.442152,chair,4095
2025-06-24T14:01:56.461929,chair,4095
2025-06-24T14:01:56.480574,chair,4095
2025-06-24T14:01:56.500921,chair,4095
2025-06-24T14:01:56.522176,chair,4095
2025-06-24T14:01:56.541622,chair,4095
2025-06-24T14:01:56.561963,chair,4095
2025-06-24T14:01:56.580711,chair,4095
2025-06-24T14:01:56.601710,chair,4095
2025-06-24T14:01:56.622083,chair,4095
2025-06-24T14:01:56.641534,chair,4095
2025-06-24T14:01:56.661921,chair,4095
2025-06-24T14:01:56.681029,chair,4095
2025-06-24T14:01:56.701695,chair,4095
2025-06-24T14:01:56.721899,chair,4095
2025-06-24T14:01:56.741539,chair,4095
2025-06-24T14:01:56.761930,chair,4095
2025-06-24T14:01:56.781029,chair,4095
2025-06-24T14:01:56.800950,chair,4095
2025-06-24T14:01:56.821612,chair,3569
2025-06-24T14:01:56.841642,chair,1460
2025-06-24T14:01:56.861916,chair,0
2025-06-24T14:01:57.362378,chair,0
2025-06-24T14:01:57.861825,chair,3776
2025-06-24T14:01:57.881038,chair,4095
2025-06-24T14:01:57.901371,chair,4095
2025-06-24T14:01:57.921673,chair,4095
2025-06-24T14:01:57.941475,chair,4095
2025-06-24T14:01:57.961240,chair,4095
2025-06-24T14:01:57.981227,chair,4095
2025-06-24T14:01:58.001671,chair,4095
2025-06-24T14:01:58.021689,chair,4095
2025-06-24T14:01:58.042059,chair,4095
2025-06-24T14:01:58.061756,chair,4095
2025-06-24T14:01:58.080584,chair,4095
2025-06-24T14:01:58.101316,chair,4095
2025-06-24T14:01:58.122536,chair,4095
2025-06-24T14:01:58.141583,chair,4095
2025-06-24T14:01:58.161591,chair,4095
2025-06-24T14:01:58.181126,chair,4095
2025-06-24T14:01:58.200852,chair,4095
2025-06-24T14:01:58.221869,chair,4095
2025-06-24T14:01:58.241910,chair,4095
2025-06-24T14:01:58.261828,chair,4095
2025-06-24T14:01:58.281024,chair,4095
2025-06-24T14:01:58.301905,chair,4095
2025-06-24T14:01:58.320565,chair,4095
2025-06-24T14:01:58.341613,chair,4095
2025-06-24T14:01:58.361910,chair,4095
2025-06-24T14:01:58.381467,chair,4095
2025-06-24T14:01:58.400845,chair,4095
2025-06-24T14:01:58.421082,chair,4095
2025-06-24T14:01:58.442455,chair,4095
2025-06-24T14:01:58.461954,chair,4095
2025-06-24T14:01:58.481089,chair,4095
2025-06-24T14:01:58.501685,chair,4095
2025-06-24T14:01:58.521481,chair,4095
2025-06-24T14:01:58.541545,chair,3441
2025-06-24T14:01:58.561837,chair,1630
2025-06-24T14:01:58.581479,chair,351
2025-06-24T14:01:58.601189,chair,0
2025-06-24T14:01:59.102959,chair,4095
2025-06-24T14:01:59.121389,chair,4095
2025-06-24T14:01:59.141693,chair,4095
2025-06-24T14:01:59.161453,chair,4095
2025-06-24T14:01:59.181337,chair,4095
2025-06-24T14:01:59.201736,chair,4095
2025-06-24T14:01:59.222030,chair,4095
2025-06-24T14:01:59.241431,chair,4095
2025-06-24T14:01:59.261925,chair,4095
2025-06-24T14:01:59.280432,chair,4095
2025-06-24T14:01:59.301804,chair,4095
2025-06-24T14:01:59.321535,chair,4095
2025-06-24T14:01:59.341611,chair,4095
2025-06-24T14:01:59.361399,chair,4095
2025-06-24T14:01:59.380864,chair,4095
2025-06-24T14:01:59.401777,chair,4095
2025-06-24T14:01:59.421507,chair,4095
2025-06-24T14:01:59.441680,chair,4095
2025-06-24T14:01:59.461398,chair,4095
2025-06-24T14:01:59.480387,chair,4095
2025-06-24T14:01:59.501346,chair,4095
2025-06-24T14:01:59.521705,chair,4095
2025-06-24T14:01:59.541562,chair,4095
2025-06-24T14:01:59.561866,chair,4095
2025-06-24T14:01:59.580673,chair,4095
2025-06-24T14:01:59.601765,chair,2739
2025-06-24T14:01:59.621338,chair,546
2025-06-24T14:01:59.642046,chair,0
2025-06-24T14:02:00.142301,chair,4095
2025-06-24T14:02:00.161691,chair,4095
2025-06-24T14:02:00.181288,chair,4095
2025-06-24T14:02:00.201760,chair,4095
2025-06-24T14:02:00.221560,chair,4095
2025-06-24T14:02:00.241823,chair,4095
2025-06-24T14:02:00.261926,chair,4095
2025-06-24T14:02:00.280626,chair,4095
2025-06-24T14:02:00.301434,chair,4095
2025-06-24T14:02:00.321977,chair,4095
2025-06-24T14:02:00.341543,chair,4095
2025-06-24T14:02:00.361932,chair,4095
2025-06-24T14:02:00.381360,chair,4095
2025-06-24T14:02:00.401212,chair,4095
2025-06-24T14:02:00.421393,chair,4095
2025-06-24T14:02:00.441575,chair,4095
2025-06-24T14:02:00.461860,chair,4095
2025-06-24T14:02:00.480574,chair,4095
2025-06-24T14:02:00.501562,chair,4095
2025-06-24T14:02:00.521967,chair,4095
2025-06-24T14:02:00.541589,chair,4095
2025-06-24T14:02:00.561936,chair,4095
2025-06-24T14:02:00.581145,chair,3994
2025-06-24T14:02:00.601322,chair,1421
2025-06-24T14:02:00.621913,chair,0
2025-06-24T14:02:01.123159,chair,0
2025-06-24T14:02:01.623040,chair,0
2025-06-24T14:02:02.122550,chair,0
2025-06-24T14:02:02.626931,chair,0
2025-06-24T14:02:03.122334,chair,0
2025-06-24T14:02:55.614643,chair,0
2025-06-24T14:02:56.134759,chair,0
2025-06-24T14:02:56.615694,chair,0
2025-06-24T14:02:57.115208,chair,0
2025-06-24T14:02:57.634589,chair,0
2025-06-24T14:02:58.115693,chair,0
2025-06-24T14:02:58.634325,chair,0
2025-06-24T14:02:59.134725,chair,0
2025-06-24T14:02:59.634565,chair,0
2025-06-24T14:03:00.134609,chair,0
2025-06-24T14:03:00.634359,chair,0
2025-06-24T14:03:01.135121,chair,0
2025-06-24T14:03:01.634678,chair,0
2025-06-24T14:03:02.115528,chair,0
2025-06-24T14:03:02.635665,chair,0
2025-06-24T14:03:03.133951,chair,0
2025-06-24T14:03:03.634723,chair,0
2025-06-24T14:04:56.323576,chair,0
2025-06-24T14:04:56.624717,chair,0
2025-06-24T14:04:57.124934,chair,0
2025-06-24T14:04:57.625472,chair,0
2025-06-24T14:04:58.124570,chair,0
2025-06-24T14:04:58.625018,chair,0
2025-06-24T14:04:59.125995,chair,0
2025-06-24T14:04:59.626229,chair,0
2025-06-24T14:05:00.126298,chair,0
2025-06-24T14:05:00.625628,chair,0
2025-06-24T14:05:01.125224,chair,0
2025-06-24T14:05:01.625412,chair,0
2025-06-24T14:05:02.126020,chair,0
2025-06-24T14:05:02.625926,chair,0
2025-06-24T14:05:03.126442,chair,0
2025-06-24T14:05:03.625322,chair,0
2025-06-24T14:05:04.125326,chair,0
2025-06-24T14:05:04.625965,chair,0
2025-06-24T14:05:05.124759,chair,0
2025-06-24T14:05:05.624430,chair,0
2025-06-24T14:05:06.125281,chair,0
2025-06-24T14:05:06.625591,chair,0
2025-06-24T14:05:07.126237,chair,0
2025-06-24T14:05:07.624132,chair,0
2025-06-24T14:05:08.125417,chair,0
2025-06-24T14:05:08.625139,chair,0
2025-06-24T14:05:09.123834,chair,0
2025-06-24T14:05:09.625325,chair,0
2025-06-24T14:05:10.125245,chair,0
2025-06-24T14:05:10.624917,chair,0
2025-06-24T14:05:11.125029,chair,0
2025-06-24T14:05:11.624490,chair,0
2025-06-24T14:05:12.124825,chair,0
2025-06-24T14:05:12.625449,chair,0
2025-06-24T14:08:43.634055,chair,0
2025-06-24T14:08:44.135001,chair,0
2025-06-24T14:08:44.634770,chair,0
2025-06-24T14:08:45.134914,chair,0
2025-06-24T14:08:45.635686,chair,0
2025-06-24T14:08:46.135517,chair,4095
2025-06-24T14:08:46.161929,chair,4095
2025-06-24T14:08:46.173734,chair,4095
2025-06-24T14:08:46.193224,chair,4095
2025-06-24T14:08:46.212862,chair,4095
2025-06-24T14:08:46.232775,chair,4095
2025-06-24T14:08:46.254181,chair,4095
2025-06-24T14:08:46.273633,chair,4095
2025-06-24T14:08:46.293555,chair,4095
2025-06-24T14:08:46.313119,chair,0
2025-06-24T14:08:46.813935,chair,0
2025-06-24T14:08:47.314822,chair,0
2025-06-24T14:08:47.813998,chair,0
2025-06-24T14:08:48.314912,chair,0
2025-06-24T14:08:48.813543,chair,0
2025-06-24T14:08:49.315296,chair,0
2025-06-24T14:08:49.801338,chair,0
2025-06-24T14:08:50.301485,chair,0
2025-06-24T14:08:50.802510,chair,0
2025-06-24T14:08:51.301063,chair,0
2025-06-24T14:08:51.801888,chair,0
2025-06-24T14:08:52.301787,chair,0
2025-06-24T14:08:52.802348,chair,0
2025-06-24T14:08:53.302141,chair,0
2025-06-24T14:08:53.802219,chair,0
2025-06-24T14:08:54.302353,chair,0
2025-06-24T14:08:54.802619,chair,0
2025-06-24T14:08:55.301705,chair,0
2025-06-24T14:08:55.801963,chair,0
2025-06-24T14:08:56.301351,chair,0
2025-06-24T14:08:56.800659,chair,0
2025-06-24T14:08:57.301380,chair,0
2025-06-24T14:08:57.801048,chair,0
2025-06-24T14:08:58.301307,chair,0
2025-06-24T14:08:58.801532,chair,0
2025-06-24T14:08:59.301166,chair,0
2025-06-24T14:08:59.801497,chair,0
2025-06-24T14:09:00.301855,chair,0
2025-06-24T14:09:00.801796,chair,4095
2025-06-24T14:09:00.822100,chair,4095
2025-06-24T14:09:00.840863,chair,4095
2025-06-24T14:09:00.860426,chair,4095
2025-06-24T14:09:00.880582,chair,4095
2025-06-24T14:09:00.900899,chair,4095
2025-06-24T14:09:00.920232,chair,4095
2025-06-24T14:09:00.940611,chair,4095
2025-06-24T14:09:00.960869,chair,4095
2025-06-24T14:09:00.979815,chair,4095
2025-06-24T14:09:01.000520,chair,4095
2025-06-24T14:09:01.020728,chair,4095
2025-06-24T14:09:01.041077,chair,4095
2025-06-24T14:09:01.060908,chair,4095
2025-06-24T14:09:01.079856,chair,4050
2025-06-24T14:09:01.100029,chair,1774
2025-06-24T14:09:01.121111,chair,0
2025-06-24T14:09:01.621986,chair,0
2025-06-24T14:09:02.122119,chair,4095
2025-06-24T14:09:02.140529,chair,4095
2025-06-24T14:09:02.160965,chair,4095
2025-06-24T14:09:02.180092,chair,4095
2025-06-24T14:09:02.200378,chair,4095
2025-06-24T14:09:02.221397,chair,4095
2025-06-24T14:09:02.240386,chair,4095
2025-06-24T14:09:02.260830,chair,4095
2025-06-24T14:09:02.280582,chair,4095
2025-06-24T14:09:02.300308,chair,4095
2025-06-24T14:09:02.320521,chair,4095
2025-06-24T14:09:02.340624,chair,4095
2025-06-24T14:09:02.360941,chair,4095
2025-06-24T14:09:02.379817,chair,4095
2025-06-24T14:09:02.400967,chair,4095
2025-06-24T14:09:02.420507,chair,4095
2025-06-24T14:09:02.441361,chair,4095
2025-06-24T14:09:02.460293,chair,4095
2025-06-24T14:09:02.480061,chair,4095
2025-06-24T14:09:02.500044,chair,4095
2025-06-24T14:09:02.520912,chair,4095
2025-06-24T14:09:02.541242,chair,4095
2025-06-24T14:09:02.560336,chair,4095
2025-06-24T14:09:02.580299,chair,4095
2025-06-24T14:09:02.600204,chair,4095
2025-06-24T14:09:02.620175,chair,4095
2025-06-24T14:09:02.640283,chair,4095
2025-06-24T14:09:02.660732,chair,4095
2025-06-24T14:09:02.680173,chair,4095
2025-06-24T14:09:02.701001,chair,4095
2025-06-24T14:09:02.720408,chair,4095
2025-06-24T14:09:02.740462,chair,4095
2025-06-24T14:09:02.760876,chair,1056
2025-06-24T14:09:02.779606,chair,0
2025-06-24T14:09:03.282266,chair,0
2025-06-24T14:09:03.782375,chair,0
2025-06-24T14:09:04.280834,chair,0
2025-06-24T14:09:04.782333,chair,0
2025-06-24T14:09:05.282539,chair,0
2025-06-24T14:09:05.781397,chair,0
2025-06-24T14:09:06.282647,chair,0
2025-06-24T14:09:06.782430,chair,4095
2025-06-24T14:09:06.801327,chair,4095
2025-06-24T14:09:06.820441,chair,4095
2025-06-24T14:09:06.841350,chair,4095
2025-06-24T14:09:06.860368,chair,4095
2025-06-24T14:09:06.879890,chair,4095
2025-06-24T14:09:06.900359,chair,4095
2025-06-24T14:09:06.920481,chair,4095
2025-06-24T14:09:06.940723,chair,4095
2025-06-24T14:09:06.960767,chair,4095
2025-06-24T14:09:06.980283,chair,4095
2025-06-24T14:09:07.000208,chair,4095
2025-06-24T14:09:07.019607,chair,4095
2025-06-24T14:09:07.040901,chair,4095
2025-06-24T14:09:07.060203,chair,4095
2025-06-24T14:09:07.080513,chair,4095
2025-06-24T14:09:07.100771,chair,4095
2025-06-24T14:09:07.121435,chair,4062
2025-06-24T14:09:07.139909,chair,2487
2025-06-24T14:09:07.160331,chair,530
2025-06-24T14:09:07.179443,chair,0
2025-06-24T14:09:07.682697,chair,4095
2025-06-24T14:09:07.702594,chair,4095
2025-06-24T14:09:07.720708,chair,4095
2025-06-24T14:09:07.741075,chair,4095
2025-06-24T14:09:07.760365,chair,4095
2025-06-24T14:09:07.780151,chair,4095
2025-06-24T14:09:07.800025,chair,4095
2025-06-24T14:09:07.820680,chair,4095
2025-06-24T14:09:07.840366,chair,4095
2025-06-24T14:09:07.860809,chair,4095
2025-06-24T14:09:07.879652,chair,4095
2025-06-24T14:09:07.899931,chair,4095
2025-06-24T14:09:07.920886,chair,4095
2025-06-24T14:09:07.941128,chair,4095
2025-06-24T14:09:07.960232,chair,4095
2025-06-24T14:09:07.980010,chair,4095
2025-06-24T14:09:08.001009,chair,4095
2025-06-24T14:09:08.020709,chair,4095
2025-06-24T14:09:08.040746,chair,4095
2025-06-24T14:09:08.060874,chair,4095
2025-06-24T14:09:08.079704,chair,3537
2025-06-24T14:09:08.099861,chair,1072
2025-06-24T14:09:08.121388,chair,0
2025-06-24T14:09:08.621352,chair,290
2025-06-24T14:09:09.122446,chair,4095
2025-06-24T14:09:09.140920,chair,4095
2025-06-24T14:09:09.160373,chair,4095
2025-06-24T14:09:09.179891,chair,0
2025-06-24T14:09:09.681482,chair,0
2025-06-24T14:09:10.182003,chair,0
2025-06-24T14:09:10.682524,chair,4095
2025-06-24T14:09:10.700648,chair,4095
2025-06-24T14:09:10.720947,chair,2830
2025-06-24T14:09:10.740725,chair,73
2025-06-24T14:09:11.241856,chair,0
2025-06-24T14:09:11.741550,chair,0
2025-06-24T14:09:12.242001,chair,0
2025-06-24T14:09:12.743073,chair,0
2025-06-24T14:09:13.241433,chair,0
2025-06-24T14:09:13.740522,chair,0
2025-06-24T14:09:14.241284,chair,0
2025-06-24T14:12:30.989363,chair,0
2025-06-24T14:12:31.251128,chair,0
2025-06-24T14:12:31.752485,chair,0
2025-06-24T14:12:32.251305,chair,0
2025-06-24T14:12:32.751543,chair,0
2025-06-24T14:12:33.251799,chair,0
2025-06-24T14:12:33.752075,chair,0
2025-06-24T14:12:34.252395,chair,4095
2025-06-24T14:12:34.279678,chair,4095
2025-06-24T14:12:34.290380,chair,4095
2025-06-24T14:12:34.310216,chair,4095
2025-06-24T14:12:34.329971,chair,4095
2025-06-24T14:12:34.350179,chair,4095
2025-06-24T14:12:34.370736,chair,4095
2025-06-24T14:12:34.390039,chair,4095
2025-06-24T14:12:34.410174,chair,4095
2025-06-24T14:12:34.429840,chair,4095
2025-06-24T14:12:34.449885,chair,4095
2025-06-24T14:12:34.470522,chair,4095
2025-06-24T14:12:34.490167,chair,4095
2025-06-24T14:12:34.510417,chair,4095
2025-06-24T14:12:34.530552,chair,4095
2025-06-24T14:12:34.549655,chair,4095
2025-06-24T14:12:34.569853,chair,4095
2025-06-24T14:12:34.590382,chair,0
2025-06-24T14:12:35.091709,chair,0
2025-06-24T14:12:35.591688,chair,0
2025-06-24T14:12:36.091034,chair,0
2025-06-24T14:12:36.591897,chair,0
2025-06-24T14:12:37.092328,chair,0
2025-06-24T14:12:37.591924,chair,0
2025-06-24T14:12:38.091336,chair,0
2025-06-24T14:12:38.591853,chair,4095
2025-06-24T14:12:38.611010,chair,4095
2025-06-24T14:12:38.630422,chair,4095
2025-06-24T14:12:38.649929,chair,4095
2025-06-24T14:12:38.670643,chair,4095
2025-06-24T14:12:38.689492,chair,4095
2025-06-24T14:12:38.710391,chair,4095
2025-06-24T14:12:38.730563,chair,4095
2025-06-24T14:12:38.749674,chair,4095
2025-06-24T14:12:38.770150,chair,2505
2025-06-24T14:12:38.790570,chair,0
2025-06-24T14:12:39.291338,chair,4095
2025-06-24T14:12:39.310503,chair,4095
2025-06-24T14:12:39.329363,chair,4095
2025-06-24T14:12:39.350666,chair,4095
2025-06-24T14:12:39.370227,chair,4095
2025-06-24T14:12:39.390775,chair,4095
2025-06-24T14:12:39.410392,chair,4095
2025-06-24T14:12:39.430280,chair,4095
2025-06-24T14:12:39.450370,chair,4095
2025-06-24T14:12:39.470923,chair,0
2025-06-24T14:12:39.971539,chair,4095
2025-06-24T14:12:39.991290,chair,4095
2025-06-24T14:12:40.009852,chair,4095
2025-06-24T14:12:40.029728,chair,4095
2025-06-24T14:12:40.049891,chair,4095
2025-06-24T14:12:40.070504,chair,4095
2025-06-24T14:12:40.090249,chair,4095
2025-06-24T14:12:40.110278,chair,4095
2025-06-24T14:12:40.130088,chair,4095
2025-06-24T14:12:40.150296,chair,4095
2025-06-24T14:12:40.169911,chair,4095
2025-06-24T14:12:40.190340,chair,4095
2025-06-24T14:12:40.210244,chair,1159
2025-06-24T14:12:40.229862,chair,0
2025-06-24T14:12:40.731504,chair,4095
2025-06-24T14:12:40.750888,chair,4095
2025-06-24T14:12:40.770850,chair,4095
2025-06-24T14:12:40.790021,chair,4095
2025-06-24T14:12:40.810284,chair,4095
2025-06-24T14:12:40.830131,chair,4095
2025-06-24T14:12:40.850020,chair,4095
2025-06-24T14:12:40.870581,chair,4095
2025-06-24T14:12:40.890080,chair,4095
2025-06-24T14:12:40.910389,chair,4095
2025-06-24T14:12:40.930137,chair,4095
2025-06-24T14:12:40.950245,chair,4095
2025-06-24T14:12:40.970645,chair,4095
2025-06-24T14:12:40.989698,chair,4095
2025-06-24T14:12:41.009630,chair,4095
2025-06-24T14:12:41.029247,chair,4095
2025-06-24T14:12:41.050308,chair,4095
2025-06-24T14:12:41.070727,chair,4095
2025-06-24T14:12:41.090115,chair,4095
2025-06-24T14:12:41.110211,chair,4095
2025-06-24T14:12:41.129921,chair,4095
2025-06-24T14:12:41.150011,chair,4095
2025-06-24T14:12:41.169803,chair,4095
2025-06-24T14:12:41.190286,chair,4095
2025-06-24T14:12:41.210260,chair,2322
2025-06-24T14:12:41.230215,chair,0
2025-06-24T14:12:41.731101,chair,453
2025-06-24T14:12:41.751722,chair,1818
2025-06-24T14:12:41.770436,chair,2814
2025-06-24T14:12:41.790641,chair,3429
2025-06-24T14:12:41.809737,chair,4095
2025-06-24T14:12:41.829579,chair,4095
2025-06-24T14:12:41.850365,chair,4095
2025-06-24T14:12:41.869091,chair,4095
2025-06-24T14:12:41.889486,chair,4095
2025-06-24T14:12:41.910345,chair,4095
2025-06-24T14:12:41.929650,chair,4095
2025-06-24T14:12:41.950016,chair,4095
2025-06-24T14:12:41.970559,chair,4095
2025-06-24T14:12:41.990535,chair,4095
2025-06-24T14:12:42.009702,chair,4095
2025-06-24T14:12:42.029795,chair,4095
2025-06-24T14:12:42.050027,chair,4095
2025-06-24T14:12:42.070757,chair,4095
2025-06-24T14:12:42.090572,chair,4095
2025-06-24T14:12:42.110163,chair,4095
2025-06-24T14:12:42.129420,chair,4095
2025-06-24T14:12:42.149494,chair,4095
2025-06-24T14:12:42.170231,chair,4095
2025-06-24T14:12:42.190734,chair,1090
2025-06-24T14:12:42.209683,chair,0
2025-06-24T14:12:42.711857,chair,0
2025-06-24T14:12:43.211685,chair,2702
2025-06-24T14:12:43.230466,chair,2832
2025-06-24T14:12:43.249517,chair,2876
2025-06-24T14:12:43.270650,chair,2864
2025-06-24T14:12:43.290340,chair,2618
2025-06-24T14:12:43.310298,chair,2128
2025-06-24T14:12:43.329520,chair,2155
2025-06-24T14:12:43.349869,chair,2137
2025-06-24T14:12:43.370046,chair,2097
2025-06-24T14:12:43.390505,chair,1990
2025-06-24T14:12:43.410211,chair,1767
2025-06-24T14:12:43.429492,chair,945
2025-06-24T14:12:43.449890,chair,0
2025-06-24T14:12:43.951312,chair,1557
2025-06-24T14:12:43.970557,chair,1511
2025-06-24T14:12:43.990797,chair,1122
2025-06-24T14:12:44.009793,chair,1059
2025-06-24T14:12:44.029280,chair,1303
2025-06-24T14:12:44.050669,chair,1571
2025-06-24T14:12:44.070337,chair,1863
2025-06-24T14:12:44.089576,chair,1835
2025-06-24T14:12:44.110287,chair,1826
2025-06-24T14:12:44.129796,chair,1984
2025-06-24T14:12:44.150235,chair,2191
2025-06-24T14:12:44.170539,chair,2307
2025-06-24T14:12:44.190714,chair,2166
2025-06-24T14:12:44.210233,chair,1597
2025-06-24T14:12:44.230114,chair,790
2025-06-24T14:12:44.250373,chair,131
2025-06-24T14:12:44.752258,chair,1920
2025-06-24T14:12:44.769983,chair,1840
2025-06-24T14:12:44.790239,chair,1840
2025-06-24T14:12:44.810382,chair,1849
2025-06-24T14:12:44.829401,chair,1905
2025-06-24T14:12:44.850684,chair,2033
2025-06-24T14:12:44.869412,chair,2059
2025-06-24T14:12:44.890091,chair,2064
2025-06-24T14:12:44.910176,chair,2122
2025-06-24T14:12:44.929756,chair,2197
2025-06-24T14:12:44.950507,chair,2352
2025-06-24T14:12:44.970473,chair,2352
2025-06-24T14:12:44.990303,chair,2209
2025-06-24T14:12:45.010219,chair,2079
2025-06-24T14:12:45.029486,chair,1667
2025-06-24T14:12:45.050182,chair,953
2025-06-24T14:12:45.070287,chair,395
2025-06-24T14:12:45.090338,chair,0
2025-06-24T14:12:45.592321,chair,2448
2025-06-24T14:12:45.609970,chair,2323
2025-06-24T14:12:45.629419,chair,2099
2025-06-24T14:12:45.650001,chair,2068
2025-06-24T14:12:45.670980,chair,2110
2025-06-24T14:12:45.690777,chair,1965
2025-06-24T14:12:45.710353,chair,1410
2025-06-24T14:12:45.729519,chair,1085
2025-06-24T14:12:45.750415,chair,1382
2025-06-24T14:12:45.770140,chair,1792
2025-06-24T14:12:45.790242,chair,1977
2025-06-24T14:12:45.810227,chair,1799
2025-06-24T14:12:45.829664,chair,1728
2025-06-24T14:12:45.850185,chair,1606
2025-06-24T14:12:45.870660,chair,1103
2025-06-24T14:12:45.889419,chair,527
2025-06-24T14:12:45.910292,chair,155
2025-06-24T14:12:46.409796,chair,3777
2025-06-24T14:12:46.430106,chair,3847
2025-06-24T14:12:46.450332,chair,3946
2025-06-24T14:12:46.470513,chair,3947
2025-06-24T14:12:46.490528,chair,3825
2025-06-24T14:12:46.510327,chair,4047
2025-06-24T14:12:46.529968,chair,4095
2025-06-24T14:12:46.549544,chair,4095
2025-06-24T14:12:46.570381,chair,4095
2025-06-24T14:12:46.590259,chair,4095
2025-06-24T14:12:46.610267,chair,4095
2025-06-24T14:12:46.629185,chair,4095
2025-06-24T14:12:46.649582,chair,4095
2025-06-24T14:12:46.670200,chair,4095
2025-06-24T14:12:46.689463,chair,4095
2025-06-24T14:12:46.710166,chair,4095
2025-06-24T14:12:46.729663,chair,4095
2025-06-24T14:12:46.749835,chair,4095
2025-06-24T14:12:46.769862,chair,4095
2025-06-24T14:12:46.790594,chair,4095
2025-06-24T14:12:46.810197,chair,4095
2025-06-24T14:12:46.829898,chair,4095
2025-06-24T14:12:46.850491,chair,4095
2025-06-24T14:12:46.869657,chair,4095
2025-06-24T14:12:46.890734,chair,4095
2025-06-24T14:12:46.909689,chair,4095
2025-06-24T14:12:46.929627,chair,4095
2025-06-24T14:12:46.949744,chair,3139
2025-06-24T14:12:46.971015,chair,1940
2025-06-24T14:12:46.989655,chair,1074
2025-06-24T14:12:47.010115,chair,1102
2025-06-24T14:12:47.029818,chair,1136
2025-06-24T14:12:47.049882,chair,1076
2025-06-24T14:12:47.070669,chair,850
2025-06-24T14:12:47.090158,chair,385
2025-06-24T14:12:47.110117,chair,97
2025-06-24T14:12:47.611759,chair,3315
2025-06-24T14:12:47.631271,chair,3440
2025-06-24T14:12:47.650300,chair,3558
2025-06-24T14:12:47.670271,chair,3707
2025-06-24T14:12:47.690923,chair,3862
2025-06-24T14:12:47.710340,chair,4095
2025-06-24T14:12:47.729773,chair,4095
2025-06-24T14:12:47.749913,chair,4095
2025-06-24T14:12:47.769673,chair,4095
2025-06-24T14:12:47.790752,chair,4095
2025-06-24T14:12:47.810201,chair,4095
2025-06-24T14:12:47.829418,chair,4095
2025-06-24T14:12:47.849715,chair,4095
2025-06-24T14:12:47.870767,chair,4095
2025-06-24T14:12:47.890546,chair,4095
2025-06-24T14:12:47.910214,chair,4095
2025-06-24T14:12:47.929890,chair,4095
2025-06-24T14:12:47.950612,chair,4019
2025-06-24T14:12:47.969893,chair,3561
2025-06-24T14:12:47.990843,chair,2968
2025-06-24T14:12:48.010238,chair,2205
2025-06-24T14:12:48.029268,chair,1190
2025-06-24T14:12:48.050531,chair,935
2025-06-24T14:12:48.070466,chair,1093
2025-06-24T14:12:48.090750,chair,1171
2025-06-24T14:12:48.110242,chair,1018
2025-06-24T14:12:48.129628,chair,999
2025-06-24T14:12:48.150077,chair,918
2025-06-24T14:12:48.170653,chair,866
2025-06-24T14:12:48.190293,chair,749
2025-06-24T14:12:48.210262,chair,480
2025-06-24T14:12:48.229752,chair,342
2025-06-24T14:12:48.249828,chair,387
2025-06-24T14:12:48.270355,chair,500
2025-06-24T14:12:48.290620,chair,883
2025-06-24T14:12:48.309654,chair,902
2025-06-24T14:12:48.329522,chair,985
2025-06-24T14:12:48.350144,chair,1063
2025-06-24T14:12:48.370374,chair,1091
2025-06-24T14:12:48.390996,chair,1040
2025-06-24T14:12:48.410252,chair,1087
2025-06-24T14:12:48.429231,chair,1126
2025-06-24T14:12:48.450265,chair,1196
2025-06-24T14:12:48.470961,chair,1429
2025-06-24T14:12:48.490859,chair,1701
2025-06-24T14:12:48.509739,chair,1889
2025-06-24T14:12:48.530493,chair,2098
2025-06-24T14:12:48.549652,chair,2300
2025-06-24T14:12:48.570590,chair,2341
2025-06-24T14:12:48.590202,chair,2398
2025-06-24T14:12:48.610256,chair,2454
2025-06-24T14:12:48.629750,chair,2545
2025-06-24T14:12:48.650323,chair,2613
2025-06-24T14:12:48.670973,chair,2657
2025-06-24T14:12:48.690671,chair,2613
2025-06-24T14:12:48.710285,chair,2450
2025-06-24T14:12:48.730215,chair,2218
2025-06-24T14:12:48.749873,chair,2032
2025-06-24T14:12:48.770523,chair,1565
2025-06-24T14:12:48.790470,chair,1067
2025-06-24T14:12:48.810188,chair,770
2025-06-24T14:12:48.830116,chair,565
2025-06-24T14:12:48.850504,chair,511
2025-06-24T14:12:48.870826,chair,735
2025-06-24T14:12:48.890090,chair,923
2025-06-24T14:12:48.910280,chair,1081
2025-06-24T14:12:48.930256,chair,889
2025-06-24T14:12:48.950451,chair,814
2025-06-24T14:12:48.970345,chair,912
2025-06-24T14:12:48.990331,chair,1076
2025-06-24T14:12:49.010251,chair,1225
2025-06-24T14:12:49.030055,chair,1440
2025-06-24T14:12:49.049954,chair,1504
2025-06-24T14:12:49.069276,chair,1611
2025-06-24T14:12:49.090667,chair,1954
2025-06-24T14:12:49.110250,chair,2267
2025-06-24T14:12:49.129875,chair,2547
2025-06-24T14:12:49.150131,chair,2669
2025-06-24T14:12:49.170127,chair,2759
2025-06-24T14:12:49.189991,chair,2733
2025-06-24T14:12:49.210228,chair,2771
2025-06-24T14:12:49.229210,chair,2717
2025-06-24T14:12:49.249855,chair,2794
2025-06-24T14:12:49.270699,chair,2800
2025-06-24T14:12:49.290193,chair,2729
2025-06-24T14:12:49.310205,chair,2514
2025-06-24T14:12:49.329209,chair,2445
2025-06-24T14:12:49.349602,chair,2181
2025-06-24T14:12:49.370839,chair,1628
2025-06-24T14:12:49.390486,chair,1104
2025-06-24T14:12:49.410225,chair,967
2025-06-24T14:12:49.429654,chair,965
2025-06-24T14:12:49.449601,chair,1105
2025-06-24T14:12:49.470930,chair,1203
2025-06-24T14:12:49.489933,chair,1334
2025-06-24T14:12:49.510255,chair,1328
2025-06-24T14:12:49.529805,chair,1383
2025-06-24T14:12:49.549832,chair,1471
2025-06-24T14:12:49.570331,chair,1535
2025-06-24T14:12:49.590618,chair,1628
2025-06-24T14:12:49.610234,chair,1793
2025-06-24T14:12:49.629320,chair,1931
2025-06-24T14:12:49.649947,chair,2110
2025-06-24T14:12:49.670934,chair,2326
2025-06-24T14:12:49.690543,chair,2432
2025-06-24T14:12:49.709690,chair,2500
2025-06-24T14:12:49.729285,chair,2658
2025-06-24T14:12:49.750175,chair,2672
2025-06-24T14:12:49.770788,chair,2777
2025-06-24T14:12:49.789812,chair,2802
2025-06-24T14:12:49.809704,chair,2870
2025-06-24T14:12:49.830120,chair,2855
2025-06-24T14:12:49.849667,chair,2696
2025-06-24T14:12:49.869997,chair,2470
2025-06-24T14:12:49.890356,chair,2174
2025-06-24T14:12:49.910280,chair,1685
2025-06-24T14:12:49.930069,chair,1119
2025-06-24T14:12:49.949760,chair,979
2025-06-24T14:12:49.970960,chair,1039
2025-06-24T14:12:49.990103,chair,1154
2025-06-24T14:12:50.010212,chair,1091
2025-06-24T14:12:50.029388,chair,1151
2025-06-24T14:12:50.050015,chair,1202
2025-06-24T14:12:50.069312,chair,1363
2025-06-24T14:12:50.090910,chair,1466
2025-06-24T14:12:50.110172,chair,1535
2025-06-24T14:12:50.129801,chair,1448
2025-06-24T14:12:50.150398,chair,1175
2025-06-24T14:12:50.170525,chair,1226
2025-06-24T14:12:50.190642,chair,1535
2025-06-24T14:12:50.210313,chair,1825
2025-06-24T14:12:50.230030,chair,1861
2025-06-24T14:12:50.250312,chair,1907
2025-06-24T14:12:50.270293,chair,2034
2025-06-24T14:12:50.290045,chair,2336
2025-06-24T14:12:50.310191,chair,2597
2025-06-24T14:12:50.330184,chair,2783
2025-06-24T14:12:50.350353,chair,2925
2025-06-24T14:12:50.370289,chair,2998
2025-06-24T14:12:50.390630,chair,3050
2025-06-24T14:12:50.410305,chair,3345
2025-06-24T14:12:50.430357,chair,3507
2025-06-24T14:12:50.449624,chair,3534
2025-06-24T14:12:50.470211,chair,3583
2025-06-24T14:12:50.490336,chair,3583
2025-06-24T14:12:50.509961,chair,3488
2025-06-24T14:12:50.530486,chair,3370
2025-06-24T14:12:50.549968,chair,3184
2025-06-24T14:12:50.570147,chair,2948
2025-06-24T14:12:50.589667,chair,2583
2025-06-24T14:12:50.610209,chair,1775
2025-06-24T14:12:50.629792,chair,979
2025-06-24T14:12:50.650113,chair,909
2025-06-24T14:12:50.669865,chair,781
2025-06-24T14:12:50.690489,chair,739
2025-06-24T14:12:50.710411,chair,480
2025-06-24T14:12:50.730161,chair,533
2025-06-24T14:12:50.750002,chair,560
2025-06-24T14:12:50.770992,chair,887
2025-06-24T14:12:50.789891,chair,1040
2025-06-24T14:12:50.810300,chair,1042
2025-06-24T14:12:50.829436,chair,1047
2025-06-24T14:12:50.850166,chair,1173
2025-06-24T14:12:50.869383,chair,1208
2025-06-24T14:12:50.891027,chair,1454
2025-06-24T14:12:50.910371,chair,1921
2025-06-24T14:12:50.929600,chair,2394
2025-06-24T14:12:50.950400,chair,2748
2025-06-24T14:12:50.970552,chair,3061
2025-06-24T14:12:50.990084,chair,3211
2025-06-24T14:12:51.009654,chair,3323
2025-06-24T14:12:51.029601,chair,3407
2025-06-24T14:12:51.050318,chair,3408
2025-06-24T14:12:51.070201,chair,3440
2025-06-24T14:12:51.090253,chair,3549
2025-06-24T14:12:51.110250,chair,3536
2025-06-24T14:12:51.129843,chair,3556
2025-06-24T14:12:51.149422,chair,3376
2025-06-24T14:12:51.170852,chair,2817
2025-06-24T14:12:51.190971,chair,2319
2025-06-24T14:12:51.210312,chair,1632
2025-06-24T14:12:51.229747,chair,994
2025-06-24T14:12:51.250173,chair,569
2025-06-24T14:12:51.270238,chair,400
2025-06-24T14:12:51.290918,chair,321
2025-06-24T14:12:51.309733,chair,487
2025-06-24T14:12:51.329519,chair,680
2025-06-24T14:12:51.349583,chair,907
2025-06-24T14:12:51.370901,chair,1002
2025-06-24T14:12:51.389656,chair,1015
2025-06-24T14:12:51.410399,chair,967
2025-06-24T14:12:51.430126,chair,1008
2025-06-24T14:12:51.450835,chair,1042
2025-06-24T14:12:51.470297,chair,1301
2025-06-24T14:12:51.489741,chair,1851
2025-06-24T14:12:51.510384,chair,2351
2025-06-24T14:12:51.529348,chair,2819
2025-06-24T14:12:51.549843,chair,3149
2025-06-24T14:12:51.570910,chair,3344
2025-06-24T14:12:51.590534,chair,3482
2025-06-24T14:12:51.610196,chair,3578
2025-06-24T14:12:51.629342,chair,3725
2025-06-24T14:12:51.650286,chair,3707
2025-06-24T14:12:51.670505,chair,3823
2025-06-24T14:12:51.690181,chair,3882
2025-06-24T14:12:51.710155,chair,3888
2025-06-24T14:12:51.729648,chair,3566
2025-06-24T14:12:51.749793,chair,3230
2025-06-24T14:12:51.770507,chair,2866
2025-06-24T14:12:51.790351,chair,2331
2025-06-24T14:12:51.810164,chair,1943
2025-06-24T14:12:51.829613,chair,1585
2025-06-24T14:12:51.850136,chair,1269
2025-06-24T14:12:51.870748,chair,1109
2025-06-24T14:12:51.890564,chair,1126
2025-06-24T14:12:51.910582,chair,1379
2025-06-24T14:12:51.929100,chair,1766
2025-06-24T14:12:51.949847,chair,1982
2025-06-24T14:12:51.971050,chair,1968
2025-06-24T14:12:51.990218,chair,1967
2025-06-24T14:12:52.010271,chair,2160
2025-06-24T14:12:52.029671,chair,2359
2025-06-24T14:12:52.050305,chair,2609
2025-06-24T14:12:52.070994,chair,2915
2025-06-24T14:12:52.090689,chair,3152
2025-06-24T14:12:52.110255,chair,3488
2025-06-24T14:12:52.130221,chair,3648
2025-06-24T14:12:52.149961,chair,3747
2025-06-24T14:12:52.170028,chair,3791
2025-06-24T14:12:52.190277,chair,3841
2025-06-24T14:12:52.209747,chair,3745
2025-06-24T14:12:52.230609,chair,3460
2025-06-24T14:12:52.249863,chair,2850
2025-06-24T14:12:52.270189,chair,2302
2025-06-24T14:12:52.290857,chair,1450
2025-06-24T14:12:52.310244,chair,979
2025-06-24T14:12:52.329158,chair,995
2025-06-24T14:12:52.350566,chair,1104
2025-06-24T14:12:52.370471,chair,1063
2025-06-24T14:12:52.390107,chair,1041
2025-06-24T14:12:52.410337,chair,767
2025-06-24T14:12:52.430156,chair,739
2025-06-24T14:12:52.449986,chair,684
2025-06-24T14:12:52.469928,chair,511
2025-06-24T14:12:52.490582,chair,345
2025-06-24T14:12:52.509624,chair,162
2025-06-24T14:12:53.011355,chair,252
2025-06-24T14:12:53.511192,chair,1584
2025-06-24T14:12:53.530866,chair,1719
2025-06-24T14:12:53.550613,chair,1955
2025-06-24T14:12:53.570683,chair,2128
2025-06-24T14:12:53.590985,chair,2274
2025-06-24T14:12:53.610310,chair,2320
2025-06-24T14:12:53.629749,chair,2315
2025-06-24T14:12:53.650352,chair,2297
2025-06-24T14:12:53.669868,chair,2222
2025-06-24T14:12:53.689805,chair,2203
2025-06-24T14:12:53.709602,chair,2018
2025-06-24T14:12:53.729354,chair,1389
2025-06-24T14:12:53.749551,chair,942
2025-06-24T14:12:53.770819,chair,899
2025-06-24T14:12:53.790051,chair,1046
2025-06-24T14:12:53.810171,chair,1456
2025-06-24T14:12:53.829758,chair,1808
2025-06-24T14:12:53.850464,chair,2032
2025-06-24T14:12:53.870428,chair,2224
2025-06-24T14:12:53.890670,chair,2749
2025-06-24T14:12:53.910246,chair,3371
2025-06-24T14:12:53.930267,chair,3868
2025-06-24T14:12:53.950091,chair,4095
2025-06-24T14:12:53.970217,chair,4095
2025-06-24T14:12:53.990685,chair,4095
2025-06-24T14:12:54.010404,chair,4095
2025-06-24T14:12:54.029813,chair,4095
2025-06-24T14:12:54.050549,chair,4095
2025-06-24T14:12:54.070808,chair,4095
2025-06-24T14:12:54.090520,chair,4095
2025-06-24T14:12:54.109704,chair,4095
2025-06-24T14:12:54.130509,chair,4095
2025-06-24T14:12:54.150427,chair,4095
2025-06-24T14:12:54.169928,chair,3655
2025-06-24T14:12:54.189494,chair,3127
2025-06-24T14:12:54.210290,chair,2559
2025-06-24T14:12:54.230278,chair,2231
2025-06-24T14:12:54.250315,chair,1904
2025-06-24T14:12:54.270229,chair,1344
2025-06-24T14:12:54.290615,chair,1484
2025-06-24T14:12:54.309622,chair,1598
2025-06-24T14:12:54.329221,chair,1903
2025-06-24T14:12:54.350322,chair,2076
2025-06-24T14:12:54.370718,chair,2112
2025-06-24T14:12:54.390115,chair,2078
2025-06-24T14:12:54.410217,chair,1952
2025-06-24T14:12:54.430212,chair,2097
2025-06-24T14:12:54.450302,chair,2192
2025-06-24T14:12:54.469874,chair,2267
2025-06-24T14:12:54.490412,chair,2381
2025-06-24T14:12:54.510294,chair,2657
2025-06-24T14:12:54.530114,chair,3008
2025-06-24T14:12:54.550290,chair,3387
2025-06-24T14:12:54.570801,chair,3542
2025-06-24T14:12:54.590326,chair,3782
2025-06-24T14:12:54.610265,chair,4095
2025-06-24T14:12:54.629992,chair,4095
2025-06-24T14:12:54.650025,chair,4095
2025-06-24T14:12:54.670361,chair,4095
2025-06-24T14:12:54.690780,chair,3905
2025-06-24T14:12:54.710223,chair,3543
2025-06-24T14:12:54.729898,chair,3057
2025-06-24T14:12:54.749851,chair,2475
2025-06-24T14:12:54.770264,chair,1789
2025-06-24T14:12:54.790701,chair,1363
2025-06-24T14:12:54.809685,chair,1189
2025-06-24T14:12:54.829332,chair,1154
2025-06-24T14:12:54.850501,chair,1450
2025-06-24T14:12:54.871015,chair,1987
2025-06-24T14:12:54.890554,chair,2367
2025-06-24T14:12:54.909696,chair,2646
2025-06-24T14:12:54.929377,chair,2761
2025-06-24T14:12:54.950572,chair,2979
2025-06-24T14:12:54.970111,chair,3278
2025-06-24T14:12:54.990662,chair,3415
2025-06-24T14:12:55.010160,chair,3523
2025-06-24T14:12:55.029986,chair,3521
2025-06-24T14:12:55.050460,chair,3371
2025-06-24T14:12:55.071060,chair,3316
2025-06-24T14:12:55.090556,chair,3435
2025-06-24T14:12:55.109725,chair,3546
2025-06-24T14:12:55.129491,chair,3559
2025-06-24T14:12:55.150662,chair,3303
2025-06-24T14:12:55.169946,chair,2882
2025-06-24T14:12:55.189844,chair,2405
2025-06-24T14:12:55.210209,chair,1947
2025-06-24T14:12:55.230046,chair,1450
2025-06-24T14:12:55.250289,chair,893
2025-06-24T14:12:55.270826,chair,386
2025-06-24T14:12:55.290285,chair,413
2025-06-24T14:12:55.310204,chair,739
2025-06-24T14:12:55.329856,chair,1078
2025-06-24T14:12:55.349873,chair,1265
2025-06-24T14:12:55.369305,chair,1364
2025-06-24T14:12:55.390708,chair,1846
2025-06-24T14:12:55.409795,chair,2232
2025-06-24T14:12:55.429553,chair,2540
2025-06-24T14:12:55.449663,chair,2881
2025-06-24T14:12:55.470071,chair,3050
2025-06-24T14:12:55.490492,chair,3139
2025-06-24T14:12:55.510228,chair,3092
2025-06-24T14:12:55.529995,chair,2993
2025-06-24T14:12:55.550024,chair,2773
2025-06-24T14:12:55.570475,chair,2413
2025-06-24T14:12:55.590859,chair,1858
2025-06-24T14:12:55.610196,chair,1177
2025-06-24T14:12:55.629832,chair,1072
2025-06-24T14:12:55.649805,chair,1253
2025-06-24T14:12:55.669378,chair,1455
2025-06-24T14:12:55.690839,chair,1392
2025-06-24T14:12:55.710295,chair,1248
2025-06-24T14:12:55.730432,chair,1610
2025-06-24T14:12:55.750640,chair,2033
2025-06-24T14:12:55.770147,chair,2311
2025-06-24T14:12:55.789933,chair,2722
2025-06-24T14:12:55.810172,chair,3024
2025-06-24T14:12:55.830174,chair,3193
2025-06-24T14:12:55.850559,chair,3182
2025-06-24T14:12:55.870221,chair,3157
2025-06-24T14:12:55.890791,chair,3089
2025-06-24T14:12:55.910268,chair,3047
2025-06-24T14:12:55.930315,chair,2959
2025-06-24T14:12:55.950413,chair,2678
2025-06-24T14:12:55.970877,chair,2301
2025-06-24T14:12:55.990287,chair,1931
2025-06-24T14:12:56.010227,chair,1552
2025-06-24T14:12:56.029908,chair,1223
2025-06-24T14:12:56.049906,chair,1102
2025-06-24T14:12:56.070329,chair,977
2025-06-24T14:12:56.090810,chair,1245
2025-06-24T14:12:56.110240,chair,1962
2025-06-24T14:12:56.130038,chair,2527
2025-06-24T14:12:56.150556,chair,2956
2025-06-24T14:12:56.170094,chair,3427
2025-06-24T14:12:56.190596,chair,3536
2025-06-24T14:12:56.209640,chair,3542
2025-06-24T14:12:56.229447,chair,3535
2025-06-24T14:12:56.250495,chair,3249
2025-06-24T14:12:56.270923,chair,2704
2025-06-24T14:12:56.290321,chair,1809
2025-06-24T14:12:56.310163,chair,615
2025-06-24T14:12:56.329848,chair,208
2025-06-24T14:12:56.832247,chair,0
2025-06-24T14:12:57.331816,chair,0
2025-06-24T14:12:57.830754,chair,0
2025-06-24T14:12:58.330244,chair,0
2025-06-24T14:12:58.831460,chair,0
2025-06-24T14:12:59.331700,chair,0
2025-06-24T14:14:33.829086,chair,0
2025-06-24T14:14:34.329327,chair,0
2025-06-24T14:14:34.831360,chair,0
2025-06-24T14:14:35.330606,chair,0
2025-06-24T14:14:35.830828,chair,0
2025-06-24T14:14:36.330689,chair,0
2025-06-24T14:14:36.830675,chair,0
2025-06-24T14:14:37.330770,chair,0
2025-06-24T14:14:37.831325,chair,4095
2025-06-24T14:14:37.861429,chair,4095
2025-06-24T14:14:37.869687,chair,4095
2025-06-24T14:14:37.889017,chair,4095
2025-06-24T14:14:37.909334,chair,4095
2025-06-24T14:14:37.928849,chair,4095
2025-06-24T14:14:37.948728,chair,4095
2025-06-24T14:14:37.968991,chair,4095
2025-06-24T14:14:37.988488,chair,4095
2025-06-24T14:14:38.009881,chair,4095
2025-06-24T14:14:38.028312,chair,4095
2025-06-24T14:14:38.049238,chair,4095
2025-06-24T14:14:38.069579,chair,4095
2025-06-24T14:14:38.089918,chair,4095
2025-06-24T14:14:38.108631,chair,2758
2025-06-24T14:14:38.128057,chair,1639
2025-06-24T14:14:38.148906,chair,561
2025-06-24T14:14:38.169205,chair,302
2025-06-24T14:14:38.189601,chair,441
2025-06-24T14:14:38.209803,chair,899
2025-06-24T14:14:38.228167,chair,1093
2025-06-24T14:14:38.249029,chair,921
2025-06-24T14:14:38.268882,chair,879
2025-06-24T14:14:38.289079,chair,438
2025-06-24T14:14:38.309325,chair,305
2025-06-24T14:14:38.328840,chair,305
2025-06-24T14:14:38.348847,chair,387
2025-06-24T14:14:38.368281,chair,386
2025-06-24T14:14:38.388845,chair,336
2025-06-24T14:14:38.409329,chair,274
2025-06-24T14:14:38.908637,chair,1841
2025-06-24T14:14:38.928216,chair,1093
2025-06-24T14:14:38.949134,chair,282
2025-06-24T14:14:39.450036,chair,4095
2025-06-24T14:14:39.470038,chair,4095
2025-06-24T14:14:39.489603,chair,4095
2025-06-24T14:14:39.509067,chair,4095
2025-06-24T14:14:39.528550,chair,4095
2025-06-24T14:14:39.549564,chair,4095
2025-06-24T14:14:39.569630,chair,4095
2025-06-24T14:14:39.588197,chair,4095
2025-06-24T14:14:39.609323,chair,4095
2025-06-24T14:14:39.628829,chair,4095
2025-06-24T14:14:39.648769,chair,4095
2025-06-24T14:14:39.668533,chair,4095
2025-06-24T14:14:39.689923,chair,4095
2025-06-24T14:14:39.709417,chair,4095
2025-06-24T14:14:39.729106,chair,3970
2025-06-24T14:14:39.749190,chair,2832
2025-06-24T14:14:39.769747,chair,1955
2025-06-24T14:14:39.789303,chair,1660
2025-06-24T14:14:39.809404,chair,1837
2025-06-24T14:14:39.829166,chair,1717
2025-06-24T14:14:39.849218,chair,1168
2025-06-24T14:14:39.869015,chair,992
2025-06-24T14:14:39.889487,chair,710
2025-06-24T14:14:39.909963,chair,477
2025-06-24T14:14:39.928528,chair,384
2025-06-24T14:14:39.949637,chair,0
2025-06-24T14:14:40.450115,chair,4095
2025-06-24T14:14:40.469570,chair,4095
2025-06-24T14:14:40.490062,chair,4095
2025-06-24T14:14:40.509355,chair,4095
2025-06-24T14:14:40.528969,chair,4095
2025-06-24T14:14:40.548905,chair,4095
2025-06-24T14:14:40.568503,chair,4095
2025-06-24T14:14:40.589931,chair,4095
2025-06-24T14:14:40.609315,chair,4095
2025-06-24T14:14:40.628917,chair,4095
2025-06-24T14:14:40.649021,chair,4095
2025-06-24T14:14:40.668721,chair,4095
2025-06-24T14:14:40.689238,chair,4095
2025-06-24T14:14:40.709401,chair,4095
2025-06-24T14:14:40.728995,chair,4095
2025-06-24T14:14:40.749029,chair,4095
2025-06-24T14:14:40.769539,chair,4095
2025-06-24T14:14:40.790035,chair,4095
2025-06-24T14:14:40.809473,chair,4095
2025-06-24T14:14:40.829149,chair,4095
2025-06-24T14:14:40.849148,chair,4095
2025-06-24T14:14:40.869530,chair,3056
2025-06-24T14:14:40.890101,chair,1920
2025-06-24T14:14:40.909408,chair,592
2025-06-24T14:14:40.928955,chair,0
2025-06-24T14:14:41.431294,chair,3792
2025-06-24T14:14:41.454366,chair,3549
2025-06-24T14:14:41.469923,chair,3701
2025-06-24T14:14:41.488950,chair,3942
2025-06-24T14:14:41.509392,chair,4095
2025-06-24T14:14:41.529019,chair,4095
2025-06-24T14:14:41.548995,chair,4095
2025-06-24T14:14:41.569394,chair,4095
2025-06-24T14:14:41.589858,chair,4095
2025-06-24T14:14:41.609312,chair,4095
2025-06-24T14:14:41.628935,chair,4095
2025-06-24T14:14:41.648945,chair,4095
2025-06-24T14:14:41.669304,chair,4095
2025-06-24T14:14:41.689683,chair,4095
2025-06-24T14:14:41.708676,chair,3321
2025-06-24T14:14:41.728152,chair,2473
2025-06-24T14:14:41.749082,chair,1177
2025-06-24T14:14:41.769412,chair,557
2025-06-24T14:14:41.789778,chair,396
2025-06-24T14:14:41.809274,chair,412
2025-06-24T14:14:41.829112,chair,527
2025-06-24T14:14:41.849499,chair,1049
2025-06-24T14:14:41.870136,chair,1167
2025-06-24T14:14:41.889228,chair,1079
2025-06-24T14:14:41.909381,chair,1095
2025-06-24T14:14:41.929035,chair,1183
2025-06-24T14:14:41.949173,chair,1233
2025-06-24T14:14:41.969805,chair,1277
2025-06-24T14:14:41.989103,chair,1324
2025-06-24T14:14:42.009466,chair,1331
2025-06-24T14:14:42.029233,chair,1407
2025-06-24T14:14:42.049592,chair,1421
2025-06-24T14:14:42.068371,chair,1413
2025-06-24T14:14:42.089235,chair,1492
2025-06-24T14:14:42.109470,chair,1678
2025-06-24T14:14:42.129096,chair,1835
2025-06-24T14:14:42.149177,chair,1985
2025-06-24T14:14:42.169638,chair,2123
2025-06-24T14:14:42.189074,chair,2307
2025-06-24T14:14:42.209453,chair,2625
2025-06-24T14:14:42.229117,chair,2797
2025-06-24T14:14:42.249239,chair,2881
2025-06-24T14:14:42.268922,chair,2959
2025-06-24T14:14:42.289395,chair,3147
2025-06-24T14:14:42.309323,chair,3515
2025-06-24T14:14:42.328923,chair,3899
2025-06-24T14:14:42.348925,chair,3898
2025-06-24T14:14:42.369327,chair,3782
2025-06-24T14:14:42.389352,chair,3426
2025-06-24T14:14:42.409366,chair,2909
2025-06-24T14:14:42.429038,chair,2352
2025-06-24T14:14:42.449041,chair,1646
2025-06-24T14:14:42.469234,chair,1173
2025-06-24T14:14:42.489730,chair,1217
2025-06-24T14:14:42.509235,chair,1363
2025-06-24T14:14:42.528966,chair,1437
2025-06-24T14:14:42.548992,chair,1535
2025-06-24T14:14:42.569401,chair,1600
2025-06-24T14:14:42.589857,chair,1646
2025-06-24T14:14:42.609412,chair,1471
2025-06-24T14:14:42.629228,chair,1305
2025-06-24T14:14:42.649273,chair,1265
2025-06-24T14:14:42.669724,chair,1258
2025-06-24T14:14:42.689125,chair,1123
2025-06-24T14:14:42.709364,chair,871
2025-06-24T14:14:42.729011,chair,656
2025-06-24T14:14:42.748956,chair,634
2025-06-24T14:14:42.769412,chair,1086
2025-06-24T14:14:42.789830,chair,1278
2025-06-24T14:14:42.809309,chair,1326
2025-06-24T14:14:42.829021,chair,1250
2025-06-24T14:14:42.849044,chair,1343
2025-06-24T14:14:42.869378,chair,1652
2025-06-24T14:14:42.889776,chair,2063
2025-06-24T14:14:42.909143,chair,2348
2025-06-24T14:14:42.928609,chair,2451
2025-06-24T14:14:42.948164,chair,2304
2025-06-24T14:14:42.969545,chair,2230
2025-06-24T14:14:42.989311,chair,2183
2025-06-24T14:14:43.009334,chair,2288
2025-06-24T14:14:43.028973,chair,2223
2025-06-24T14:14:43.048631,chair,2183
2025-06-24T14:14:43.068087,chair,2233
2025-06-24T14:14:43.089514,chair,2287
2025-06-24T14:14:43.109352,chair,2187
2025-06-24T14:14:43.128941,chair,2007
2025-06-24T14:14:43.148940,chair,1475
2025-06-24T14:14:43.169270,chair,994
2025-06-24T14:14:43.189680,chair,523
2025-06-24T14:14:43.209094,chair,497
2025-06-24T14:14:43.228821,chair,419
2025-06-24T14:14:43.248770,chair,358
2025-06-24T14:14:43.268631,chair,241
2025-06-24T14:14:43.770896,chair,2658
2025-06-24T14:14:43.795507,chair,2720
2025-06-24T14:14:43.809286,chair,2758
2025-06-24T14:14:43.829142,chair,2786
2025-06-24T14:14:43.848862,chair,2734
2025-06-24T14:14:43.869244,chair,2519
2025-06-24T14:14:43.889680,chair,2457
2025-06-24T14:14:43.909192,chair,2544
2025-06-24T14:14:43.928789,chair,2622
2025-06-24T14:14:43.948925,chair,2332
2025-06-24T14:14:43.969330,chair,1942
2025-06-24T14:14:43.989762,chair,1533
2025-06-24T14:14:44.009269,chair,1146
2025-06-24T14:14:44.028987,chair,735
2025-06-24T14:14:44.048921,chair,491
2025-06-24T14:14:44.069280,chair,343
2025-06-24T14:14:44.089646,chair,305
2025-06-24T14:14:44.108153,chair,317
2025-06-24T14:14:44.128604,chair,462
2025-06-24T14:14:44.149734,chair,562
2025-06-24T14:14:44.168365,chair,560
2025-06-24T14:14:44.189791,chair,833
2025-06-24T14:14:44.209252,chair,1159
2025-06-24T14:14:44.228916,chair,1532
2025-06-24T14:14:44.248920,chair,2006
2025-06-24T14:14:44.268686,chair,2191
2025-06-24T14:14:44.289105,chair,2410
2025-06-24T14:14:44.309324,chair,2519
2025-06-24T14:14:44.329002,chair,2559
2025-06-24T14:14:44.348987,chair,2646
2025-06-24T14:14:44.369443,chair,2736
2025-06-24T14:14:44.389587,chair,2831
2025-06-24T14:14:44.409942,chair,2866
2025-06-24T14:14:44.428485,chair,2952
2025-06-24T14:14:44.449528,chair,2998
2025-06-24T14:14:44.469987,chair,2973
2025-06-24T14:14:44.489429,chair,2879
2025-06-24T14:14:44.509834,chair,2800
2025-06-24T14:14:44.528265,chair,2372
2025-06-24T14:14:44.549224,chair,1825
2025-06-24T14:14:44.569208,chair,690
2025-06-24T14:14:44.589638,chair,365
2025-06-24T14:14:44.609364,chair,191
2025-06-24T14:14:45.110324,chair,3151
2025-06-24T14:14:45.134478,chair,3063
2025-06-24T14:14:45.148792,chair,2903
2025-06-24T14:14:45.170064,chair,2721
2025-06-24T14:14:45.189743,chair,2368
2025-06-24T14:14:45.209920,chair,2021
2025-06-24T14:14:45.228802,chair,2053
2025-06-24T14:14:45.248632,chair,2180
2025-06-24T14:14:45.269060,chair,2239
2025-06-24T14:14:45.289389,chair,1957
2025-06-24T14:14:45.309376,chair,1771
2025-06-24T14:14:45.328227,chair,1150
2025-06-24T14:14:45.349122,chair,473
2025-06-24T14:14:45.369464,chair,275
2025-06-24T14:14:45.870850,chair,2979
2025-06-24T14:14:45.896833,chair,2993
2025-06-24T14:14:45.909413,chair,3024
2025-06-24T14:14:45.928732,chair,3067
2025-06-24T14:14:45.948657,chair,3059
2025-06-24T14:14:45.969375,chair,3086
2025-06-24T14:14:45.989852,chair,3125
2025-06-24T14:14:46.009327,chair,3265
2025-06-24T14:14:46.028293,chair,3381
2025-06-24T14:14:46.048717,chair,3552
2025-06-24T14:14:46.068125,chair,3728
2025-06-24T14:14:46.089397,chair,3936
2025-06-24T14:14:46.109416,chair,4022
2025-06-24T14:14:46.128254,chair,3984
2025-06-24T14:14:46.148941,chair,3724
2025-06-24T14:14:46.169088,chair,3392
2025-06-24T14:14:46.189170,chair,3153
2025-06-24T14:14:46.209141,chair,2928
2025-06-24T14:14:46.228993,chair,2864
2025-06-24T14:14:46.249224,chair,2814
2025-06-24T14:14:46.268917,chair,2779
2025-06-24T14:14:46.289659,chair,2690
2025-06-24T14:14:46.309332,chair,2502
2025-06-24T14:14:46.329064,chair,2256
2025-06-24T14:14:46.349200,chair,2259
2025-06-24T14:14:46.368973,chair,2385
2025-06-24T14:14:46.388236,chair,2482
2025-06-24T14:14:46.409390,chair,2551
2025-06-24T14:14:46.428708,chair,2523
2025-06-24T14:14:46.448988,chair,2671
2025-06-24T14:14:46.469879,chair,2815
2025-06-24T14:14:46.488657,chair,2896
2025-06-24T14:14:46.509309,chair,3037
2025-06-24T14:14:46.528869,chair,3153
2025-06-24T14:14:46.548881,chair,3210
2025-06-24T14:14:46.568909,chair,3266
2025-06-24T14:14:46.589636,chair,3238
2025-06-24T14:14:46.609300,chair,3447
2025-06-24T14:14:46.628234,chair,3727
2025-06-24T14:14:46.649406,chair,3943
2025-06-24T14:14:46.669154,chair,4093
2025-06-24T14:14:46.688881,chair,3915
2025-06-24T14:14:46.709367,chair,3717
2025-06-24T14:14:46.729253,chair,3205
2025-06-24T14:14:46.749501,chair,2867
2025-06-24T14:14:46.769685,chair,2451
2025-06-24T14:14:46.789737,chair,1970
2025-06-24T14:14:46.809356,chair,1919
2025-06-24T14:14:46.828168,chair,1974
2025-06-24T14:14:46.848279,chair,1964
2025-06-24T14:14:46.869549,chair,2064
2025-06-24T14:14:46.888689,chair,2288
2025-06-24T14:14:46.909334,chair,2444
2025-06-24T14:14:46.928448,chair,2437
2025-06-24T14:14:46.948896,chair,2385
2025-06-24T14:14:46.969001,chair,2370
2025-06-24T14:14:46.989855,chair,2411
2025-06-24T14:14:47.009358,chair,2458
2025-06-24T14:14:47.029246,chair,2512
2025-06-24T14:14:47.048787,chair,2659
2025-06-24T14:14:47.069060,chair,2736
2025-06-24T14:14:47.089719,chair,2839
2025-06-24T14:14:47.109395,chair,2963
2025-06-24T14:14:47.129208,chair,3043
2025-06-24T14:14:47.149450,chair,3071
2025-06-24T14:14:47.169933,chair,3067
2025-06-24T14:14:47.189782,chair,3071
2025-06-24T14:14:47.209894,chair,3071
2025-06-24T14:14:47.228721,chair,3130
2025-06-24T14:14:47.248970,chair,3086
2025-06-24T14:14:47.270007,chair,3024
2025-06-24T14:14:47.289930,chair,2906
2025-06-24T14:14:47.309842,chair,2783
2025-06-24T14:14:47.328370,chair,2559
2025-06-24T14:14:47.348620,chair,2416
2025-06-24T14:14:47.369825,chair,2249
2025-06-24T14:14:47.389766,chair,2162
2025-06-24T14:14:47.409179,chair,2109
2025-06-24T14:14:47.429197,chair,2036
2025-06-24T14:14:47.448171,chair,1930
2025-06-24T14:14:47.469013,chair,1858
2025-06-24T14:14:47.489871,chair,2036
2025-06-24T14:14:47.509346,chair,2102
2025-06-24T14:14:47.529153,chair,2183
2025-06-24T14:14:47.549439,chair,2174
2025-06-24T14:14:47.569330,chair,2256
2025-06-24T14:14:47.589191,chair,2192
2025-06-24T14:14:47.609369,chair,2019
2025-06-24T14:14:47.629241,chair,1979
2025-06-24T14:14:47.649394,chair,1616
2025-06-24T14:14:47.669738,chair,1519
2025-06-24T14:14:47.688565,chair,1518
2025-06-24T14:14:47.709901,chair,1853
2025-06-24T14:14:47.728867,chair,1936
2025-06-24T14:14:47.749310,chair,2107
2025-06-24T14:14:47.769474,chair,2098
2025-06-24T14:14:47.789303,chair,2166
2025-06-24T14:14:47.809370,chair,2203
2025-06-24T14:14:47.828298,chair,2195
2025-06-24T14:14:47.848604,chair,2200
2025-06-24T14:14:47.868899,chair,2194
2025-06-24T14:14:47.889820,chair,2245
2025-06-24T14:14:47.909868,chair,2313
2025-06-24T14:14:47.928666,chair,2378
2025-06-24T14:14:47.949104,chair,2416
2025-06-24T14:14:47.969213,chair,2381
2025-06-24T14:14:47.990029,chair,2330
2025-06-24T14:14:48.009899,chair,2334
2025-06-24T14:14:48.029267,chair,2320
2025-06-24T14:14:48.049500,chair,2323
2025-06-24T14:14:48.068795,chair,2291
2025-06-24T14:14:48.089785,chair,2286
2025-06-24T14:14:48.109359,chair,2352
2025-06-24T14:14:48.129180,chair,2389
2025-06-24T14:14:48.149428,chair,2147
2025-06-24T14:14:48.169538,chair,2112
2025-06-24T14:14:48.189234,chair,2126
2025-06-24T14:14:48.209283,chair,2217
2025-06-24T14:14:48.229087,chair,2225
2025-06-24T14:14:48.249250,chair,2063
2025-06-24T14:14:48.269931,chair,1857
2025-06-24T14:14:48.289972,chair,1689
2025-06-24T14:14:48.309606,chair,1744
2025-06-24T14:14:48.328226,chair,1708
2025-06-24T14:14:48.349508,chair,1439
2025-06-24T14:14:48.368718,chair,1054
2025-06-24T14:14:48.389551,chair,1004
2025-06-24T14:14:48.409364,chair,1215
2025-06-24T14:14:48.429237,chair,1409
2025-06-24T14:14:48.448391,chair,1488
2025-06-24T14:14:48.469527,chair,1317
2025-06-24T14:14:48.489864,chair,1201
2025-06-24T14:14:48.509924,chair,1338
2025-06-24T14:14:48.529027,chair,1471
2025-06-24T14:14:48.549394,chair,1534
2025-06-24T14:14:48.569438,chair,1535
2025-06-24T14:14:48.588353,chair,1563
2025-06-24T14:14:48.609379,chair,1712
2025-06-24T14:14:48.628666,chair,1824
2025-06-24T14:14:48.648794,chair,1922
2025-06-24T14:14:48.668936,chair,1985
2025-06-24T14:14:48.689923,chair,2070
2025-06-24T14:14:48.709432,chair,2112
2025-06-24T14:14:48.728495,chair,2146
2025-06-24T14:14:48.749286,chair,2256
2025-06-24T14:14:48.769263,chair,2326
2025-06-24T14:14:48.789236,chair,2512
2025-06-24T14:14:48.809909,chair,2506
2025-06-24T14:14:48.828940,chair,2427
2025-06-24T14:14:48.848428,chair,2544
2025-06-24T14:14:48.868224,chair,2497
2025-06-24T14:14:48.889710,chair,2416
2025-06-24T14:14:48.909302,chair,2383
2025-06-24T14:14:48.928610,chair,2318
2025-06-24T14:14:48.948195,chair,2225
2025-06-24T14:14:48.969710,chair,2096
2025-06-24T14:14:48.988970,chair,1987
2025-06-24T14:14:49.010242,chair,1983
2025-06-24T14:14:49.029109,chair,2067
2025-06-24T14:14:49.049724,chair,2132
2025-06-24T14:14:49.069960,chair,2148
2025-06-24T14:14:49.089802,chair,2144
2025-06-24T14:14:49.109594,chair,2151
2025-06-24T14:14:49.129293,chair,2197
2025-06-24T14:14:49.149166,chair,2163
2025-06-24T14:14:49.169556,chair,2134
2025-06-24T14:14:49.190312,chair,2128
2025-06-24T14:14:49.209666,chair,2067
2025-06-24T14:14:49.229401,chair,2069
2025-06-24T14:14:49.248776,chair,2078
2025-06-24T14:14:49.269203,chair,2093
2025-06-24T14:14:49.289614,chair,2126
2025-06-24T14:14:49.309367,chair,2126
2025-06-24T14:14:49.329342,chair,2080
2025-06-24T14:14:49.348510,chair,2099
2025-06-24T14:14:49.369395,chair,2112
2025-06-24T14:14:49.388715,chair,2192
2025-06-24T14:14:49.409417,chair,2133
2025-06-24T14:14:49.428633,chair,2144
2025-06-24T14:14:49.448936,chair,2169
2025-06-24T14:14:49.468673,chair,2172
2025-06-24T14:14:49.488776,chair,2098
2025-06-24T14:14:49.509292,chair,1939
2025-06-24T14:14:49.528803,chair,1695
2025-06-24T14:14:49.549506,chair,1629
2025-06-24T14:14:49.569538,chair,1593
2025-06-24T14:14:49.589171,chair,1616
2025-06-24T14:14:49.608390,chair,1646
2025-06-24T14:14:49.628913,chair,1587
2025-06-24T14:14:49.648124,chair,1601
2025-06-24T14:14:49.669190,chair,1619
2025-06-24T14:14:49.689429,chair,1508
2025-06-24T14:14:49.709340,chair,1385
2025-06-24T14:14:49.728790,chair,1447
2025-06-24T14:14:49.748185,chair,1584
2025-06-24T14:14:49.769429,chair,1595
2025-06-24T14:14:49.789069,chair,1566
2025-06-24T14:14:49.809352,chair,1645
2025-06-24T14:14:49.829044,chair,1643
2025-06-24T14:14:49.849165,chair,1838
2025-06-24T14:14:49.869147,chair,1819
2025-06-24T14:14:49.889636,chair,1789
2025-06-24T14:14:49.909337,chair,1700
2025-06-24T14:14:49.929169,chair,1682
2025-06-24T14:14:49.949237,chair,1730
2025-06-24T14:14:49.968975,chair,1793
2025-06-24T14:14:49.989484,chair,1739
2025-06-24T14:14:50.009366,chair,1705
2025-06-24T14:14:50.029193,chair,1799
2025-06-24T14:14:50.049317,chair,1774
2025-06-24T14:14:50.069132,chair,1706
2025-06-24T14:14:50.089821,chair,1677
2025-06-24T14:14:50.109082,chair,1691
2025-06-24T14:14:50.129015,chair,1707
2025-06-24T14:14:50.149483,chair,1741
2025-06-24T14:14:50.170208,chair,1755
2025-06-24T14:14:50.188725,chair,1792
2025-06-24T14:14:50.209932,chair,1911
2025-06-24T14:14:50.228605,chair,1982
2025-06-24T14:14:50.249501,chair,2003
2025-06-24T14:14:50.268954,chair,2012
2025-06-24T14:14:50.289132,chair,2064
2025-06-24T14:14:50.309100,chair,2095
2025-06-24T14:14:50.328772,chair,2119
2025-06-24T14:14:50.348580,chair,2095
2025-06-24T14:14:50.369719,chair,1965
2025-06-24T14:14:50.389780,chair,1750
2025-06-24T14:14:50.409412,chair,1686
2025-06-24T14:14:50.428494,chair,1774
2025-06-24T14:14:50.449417,chair,1939
2025-06-24T14:14:50.469586,chair,2006
2025-06-24T14:14:50.489457,chair,2047
2025-06-24T14:14:50.509923,chair,2071
2025-06-24T14:14:50.528558,chair,2069
2025-06-24T14:14:50.548801,chair,2008
2025-06-24T14:14:50.569967,chair,1917
2025-06-24T14:14:50.590044,chair,1925
2025-06-24T14:14:50.609338,chair,2064
2025-06-24T14:14:50.628485,chair,2140
2025-06-24T14:14:50.649130,chair,2036
2025-06-24T14:14:50.669412,chair,1898
2025-06-24T14:14:50.689637,chair,1783
2025-06-24T14:14:50.709380,chair,1936
2025-06-24T14:14:50.728408,chair,2122
2025-06-24T14:14:50.749058,chair,2032
2025-06-24T14:14:50.769281,chair,2036
2025-06-24T14:14:50.789195,chair,1983
2025-06-24T14:14:50.809879,chair,1987
2025-06-24T14:14:50.829314,chair,2109
2025-06-24T14:14:50.848682,chair,2156
2025-06-24T14:14:50.868872,chair,2181
2025-06-24T14:14:50.889814,chair,2130
2025-06-24T14:14:50.909345,chair,2061
2025-06-24T14:14:50.928487,chair,2075
2025-06-24T14:14:50.949609,chair,2131
2025-06-24T14:14:50.969973,chair,2241
2025-06-24T14:14:50.989120,chair,2224
2025-06-24T14:14:51.009363,chair,2143
2025-06-24T14:14:51.028327,chair,2057
2025-06-24T14:14:51.049399,chair,2027
2025-06-24T14:14:51.069907,chair,2108
2025-06-24T14:14:51.089341,chair,2141
2025-06-24T14:14:51.109373,chair,2113
2025-06-24T14:14:51.129145,chair,2081
2025-06-24T14:14:51.149162,chair,2086
2025-06-24T14:14:51.169043,chair,2125
2025-06-24T14:14:51.189516,chair,2192
2025-06-24T14:14:51.209898,chair,2195
2025-06-24T14:14:51.228383,chair,2134
2025-06-24T14:14:51.249395,chair,2100
2025-06-24T14:14:51.269851,chair,2096
2025-06-24T14:14:51.289280,chair,2087
2025-06-24T14:14:51.309352,chair,2085
2025-06-24T14:14:51.329053,chair,2083
2025-06-24T14:14:51.349041,chair,2071
2025-06-24T14:14:51.369378,chair,2067
2025-06-24T14:14:51.389554,chair,2099
2025-06-24T14:14:51.409922,chair,2208
2025-06-24T14:14:51.428533,chair,2285
2025-06-24T14:14:51.449596,chair,2329
2025-06-24T14:14:51.470055,chair,2371
2025-06-24T14:14:51.488733,chair,2390
2025-06-24T14:14:51.509217,chair,2477
2025-06-24T14:14:51.528824,chair,2527
2025-06-24T14:14:51.548618,chair,2544
2025-06-24T14:14:51.568936,chair,2549
2025-06-24T14:14:51.589369,chair,2689
2025-06-24T14:14:51.609324,chair,2839
2025-06-24T14:14:51.629003,chair,2907
2025-06-24T14:14:51.648956,chair,3021
2025-06-24T14:14:51.669288,chair,3082
2025-06-24T14:14:51.689293,chair,3103
2025-06-24T14:14:51.709323,chair,3216
2025-06-24T14:14:51.728888,chair,3444
2025-06-24T14:14:51.748834,chair,3583
2025-06-24T14:14:51.769192,chair,3658
2025-06-24T14:14:51.789575,chair,3615
2025-06-24T14:14:51.809875,chair,3669
2025-06-24T14:14:51.828333,chair,3754
2025-06-24T14:14:51.849368,chair,3951
2025-06-24T14:14:51.869754,chair,4002
2025-06-24T14:14:51.889193,chair,4095
2025-06-24T14:14:51.909353,chair,4095
2025-06-24T14:14:51.929055,chair,4095
2025-06-24T14:14:51.948762,chair,4095
2025-06-24T14:14:51.968863,chair,4095
2025-06-24T14:14:51.989244,chair,4095
2025-06-24T14:14:52.009337,chair,4095
2025-06-24T14:14:52.029037,chair,3989
2025-06-24T14:14:52.049019,chair,3759
2025-06-24T14:14:52.069213,chair,3408
2025-06-24T14:14:52.089642,chair,3107
2025-06-24T14:14:52.109114,chair,2817
2025-06-24T14:14:52.128632,chair,2320
2025-06-24T14:14:52.148166,chair,2025
2025-06-24T14:14:52.169345,chair,1840
2025-06-24T14:14:52.189784,chair,1507
2025-06-24T14:14:52.209284,chair,1245
2025-06-24T14:14:52.228948,chair,1147
2025-06-24T14:14:52.248952,chair,1061
2025-06-24T14:14:52.268905,chair,1038
2025-06-24T14:14:52.289292,chair,746
2025-06-24T14:14:52.309398,chair,551
2025-06-24T14:14:52.329101,chair,573
2025-06-24T14:14:52.349098,chair,543
2025-06-24T14:14:52.369497,chair,546
2025-06-24T14:14:52.389882,chair,681
2025-06-24T14:14:52.409394,chair,963
2025-06-24T14:14:52.429076,chair,1039
2025-06-24T14:14:52.449128,chair,660
2025-06-24T14:14:52.468683,chair,657
2025-06-24T14:14:52.489125,chair,753
2025-06-24T14:14:52.509372,chair,1121
2025-06-24T14:14:52.529101,chair,1266
2025-06-24T14:14:52.549114,chair,1315
2025-06-24T14:14:52.569491,chair,1382
2025-06-24T14:14:52.589922,chair,1458
2025-06-24T14:14:52.609332,chair,1801
2025-06-24T14:14:52.628913,chair,1894
2025-06-24T14:14:52.648880,chair,2009
2025-06-24T14:14:52.668990,chair,2163
2025-06-24T14:14:52.689421,chair,2547
2025-06-24T14:14:52.709898,chair,2778
2025-06-24T14:14:52.728419,chair,2870
2025-06-24T14:14:52.749314,chair,2935
2025-06-24T14:14:52.769196,chair,2963
2025-06-24T14:14:52.789659,chair,2969
2025-06-24T14:14:52.809191,chair,3099
2025-06-24T14:14:52.828881,chair,3199
2025-06-24T14:14:52.848927,chair,3338
2025-06-24T14:14:52.869631,chair,3311
2025-06-24T14:14:52.889116,chair,3184
2025-06-24T14:14:52.909326,chair,3097
2025-06-24T14:14:52.929036,chair,2867
2025-06-24T14:14:52.949035,chair,2311
2025-06-24T14:14:52.969430,chair,1584
2025-06-24T14:14:52.989880,chair,461
2025-06-24T14:14:53.009346,chair,0
2025-06-24T14:14:53.511034,chair,0
2025-06-24T14:14:54.011191,chair,0
2025-06-24T14:14:54.510766,chair,0
2025-06-24T14:14:55.010503,chair,0
2025-06-24T14:14:55.509512,chair,0
2025-06-24T14:14:56.010924,chair,0
2025-06-24T14:14:56.510717,chair,0
